{
  "LogisticRegression": {
    "Recall": 0.9782270606531882,
    "Precision": 0.9944664031620554,
    "F1": 0.9862798902391219,
    "ROC_AUC": 0.9907924501625901
  },
  "SVM-RBF": {
    "Recall": 0.9937791601866252,
    "Precision": 0.9718631178707224,
    "F1": 0.9826989619377162,
    "ROC_AUC": 0.9397709599886895
  },
  "XGBoost": {
    "Recall": 0.9828926905132193,
    "Precision": 0.992930086410055,
    "F1": 0.9878858929269245,
    "ROC_AUC": 0.9885479994344691
  }
}