{
  "0": 15.113636363636363,
  "1": 0.5171073094867807
}