{
  "LinearRegression": {
    "MAE": 0.006298528767215342,
    "RMSE": 0.007431590652098646,
    "R2": 0.9641499684572254,
    "Time(s)": 0.024411439895629883
  },
  "RandomForest": {
    "MAE": 0.0010425572790702796,
    "RMSE": 0.0015156507120108898,
    "R2": 0.9985088400241353,
    "Time(s)": 214.0399248600006
  },
  "XGBoost": {
    "MAE": 0.00016888711458484996,
    "RMSE": 0.00022077526430723006,
    "R2": 0.9999683607041624,
    "Time(s)": 371.8433015346527
  }
}